order_item_id,order_id,product_id,quantity,discount_percent
1,143,493,4,5
2,297,284,-5,7
3,558,92,3,68
4,368,267,1,98
5,570,450,5,73
6,896,341,1,42
7,683,418,5,70
8,610,378,4,33
9,762,55,5,44
10,887,122,1,19
11,458,404,3,1
12,218,24,3,92
13,696,207,1,75
14,798,306,3,82
15,934,496,3,49
16,572,134,5,24
17,555,341,3,55
18,54,258,4,92
19,670,61,5,60
20,900,330,1,3
21,769,105,4,47
22,126,25,2,34
23,311,487,3,16
24,961,23,4,61
25,352,489,4,71
26,411,420,3,21
27,40,194,2,100
28,120,166,3,78
29,894,245,2,40
30,787,92,2,23
31,9,170,2,27
32,664,338,3,56
33,265,256,3,61
34,311,278,3,87
35,382,306,2,76
36,175,50,2,68
37,7,251,1,17
38,747,179,2,13
39,849,442,-5,7
40,256,202,2,84
41,94,477,1,91
42,243,473,2,81
43,507,81,4,98
44,658,280,2,79
45,329,365,3,70
46,186,300,3,21
47,355,72,3,12
48,515,168,4,47
49,460,35,1,43
50,542,437,1,46
51,95,133,4,58
52,483,118,3,81
53,791,73,3,56
54,750,381,3,14
55,865,237,1,45
56,720,413,5,58
57,297,434,5,26
58,237,251,5,68
59,200,64,5,27
60,895,404,1,88
61,846,330,5,76
62,438,480,1,65
63,548,456,2,71
64,814,90,4,69
65,10,147,5,55
66,701,33,3,23
67,709,157,4,41
68,218,475,3,93
69,832,413,5,6
70,579,443,1,45
71,490,97,3,35
72,509,45,4,56
73,956,84,5,50
74,67,159,2,26
75,140,301,5,73
76,386,323,4,33
77,350,27,5,75
78,810,15,1,14
79,610,284,3,61
80,18,273,2,87
81,168,49,1,69
82,680,268,3,36
83,302,200,3,94
84,796,265,3,79
85,923,430,5,92
86,380,225,2,71
87,380,422,4,42
88,585,179,5,16
89,760,57,5,6
90,74,226,5,59
91,624,339,1,17
92,554,97,5,57
93,474,8,3,96
94,307,469,3,42
95,809,137,2,54
96,895,82,5,50
97,108,43,2,92
98,31,108,5,64
99,445,435,5,14
100,592,126,5,62
101,82,141,-3,73
102,841,12,5,84
103,990,432,5,80
104,854,54,4,59
105,380,162,2,71
106,947,217,5,26
107,809,192,1,80
108,321,382,5,68
109,773,370,-4,95
110,857,343,3,24
111,405,11,1,15
112,807,300,1,1
113,879,273,2,73
114,315,69,3,44
115,741,219,1,73
116,544,168,5,12
117,735,63,1,36
118,901,70,3,27
119,212,206,1,43
120,815,403,5,63
121,776,206,2,56
122,707,179,5,92
123,582,126,2,45
124,634,31,1,80
125,330,500,4,11
126,979,150,4,85
127,667,172,4,48
128,500,291,2,45
129,899,60,1,48
130,403,490,5,5
131,859,261,2,60
132,468,15,2,69
133,785,333,-4,52
134,937,128,3,22
135,387,414,3,32
136,722,350,4,9
137,108,320,4,41
138,210,172,5,81
139,420,425,3,5
140,987,64,1,24
141,560,1,2,62
142,9,136,2,62
143,433,69,5,13
144,266,347,3,58
145,774,297,2,75
146,217,475,1,73
147,817,23,4,63
148,712,388,5,80
149,942,2,5,22
150,550,391,3,78
151,784,139,3,96
152,115,439,2,98
153,767,458,4,17
154,127,233,-3,25
155,992,218,5,71
156,808,55,4,34
157,785,425,1,25
158,214,303,5,97
159,67,260,4,26
160,454,334,3,65
161,240,110,4,36
162,461,8,3,12
163,9,310,1,79
164,965,488,3,24
165,653,448,4,2
166,131,203,2,44
167,171,497,1,33
168,868,88,2,10
169,742,335,3,57
170,8,138,-3,8
171,725,354,4,88
172,722,140,1,72
173,278,191,2,70
174,61,319,4,91
175,102,489,2,18
176,558,488,4,3
177,754,286,4,19
178,262,444,5,52
179,182,192,1,63
180,813,74,-2,37
181,853,456,2,22
182,111,274,5,6
183,313,196,5,55
184,391,111,-1,60
185,560,205,4,88
186,58,479,2,99
187,609,172,2,50
188,425,370,2,8
189,202,210,5,74
190,348,239,4,77
191,62,50,4,31
192,979,409,-5,1
193,473,111,5,59
194,771,399,1,83
195,165,48,1,26
196,390,290,1,95
197,906,39,4,63
198,123,13,3,40
199,727,397,3,95
200,115,254,1,72
201,828,494,1,60
202,466,132,3,31
203,149,423,2,97
204,878,403,2,23
205,96,332,4,1
206,186,110,5,34
207,146,489,1,74
208,760,422,4,60
209,385,316,1,26
210,431,329,3,40
211,946,67,4,52
212,477,309,3,92
213,994,497,2,34
214,848,355,3,74
215,115,196,1,16
216,589,342,1,40
217,550,298,1,21
218,554,451,4,96
219,751,311,5,52
220,570,220,5,86
221,220,238,4,7
222,513,270,3,39
223,25,262,2,56
224,571,500,1,72
225,34,252,3,79
226,134,44,4,38
227,414,293,5,98
228,998,104,4,77
229,641,66,2,100
230,236,143,5,34
231,277,230,1,64
232,230,294,5,52
233,443,96,2,91
234,173,34,2,25
235,504,352,2,1
236,337,1,2,97
237,63,11,1,70
238,255,407,3,95
239,413,233,2,75
240,5,2,5,66
241,797,291,1,15
242,416,409,1,2
243,877,436,1,49
244,760,322,2,30
245,507,104,4,94
246,690,273,5,93
247,734,317,-1,49
248,815,376,3,38
249,863,487,1,70
250,265,199,2,5
251,944,306,5,65
252,225,128,4,15
253,741,428,2,57
254,99,268,1,40
255,619,285,3,88
256,514,73,5,39
257,19,97,-3,85
258,372,105,3,97
259,423,211,1,57
260,967,295,5,76
261,596,456,3,51
262,152,367,1,12
263,142,137,1,17
264,553,467,1,88
265,943,71,2,65
266,945,393,3,0
267,913,201,2,4
268,513,455,1,63
269,333,464,2,59
270,935,184,2,52
271,974,477,2,44
272,18,5,3,11
273,97,396,5,17
274,340,55,5,14
275,961,36,2,100
276,336,178,5,2
277,888,457,4,14
278,63,238,5,22
279,271,219,4,3
280,131,288,2,66
281,89,16,1,92
282,930,90,2,16
283,948,322,4,8
284,129,16,3,68
285,12,255,4,55
286,230,490,3,39
287,48,497,3,83
288,148,226,4,28
289,308,197,1,13
290,341,122,1,46
291,762,409,2,93
292,866,77,3,30
293,985,216,1,62
294,548,87,2,40
295,768,348,2,58
296,188,202,4,0
297,868,215,4,44
298,802,205,2,16
299,79,490,5,56
300,419,437,5,56
301,865,139,5,37
302,850,42,2,74
303,213,186,1,4
304,956,56,5,38
305,495,155,2,16
306,885,140,2,39
307,744,215,4,70
308,114,78,1,43
309,444,432,3,77
310,365,84,3,32
311,177,9,4,84
312,821,145,1,98
313,687,364,5,63
314,560,282,1,67
315,256,2,4,29
316,346,347,5,100
317,896,443,5,22
318,541,265,3,75
319,550,12,4,51
320,793,10,3,12
321,45,94,1,20
322,380,160,2,84
323,85,411,2,31
324,122,363,4,6
325,762,487,-5,54
326,969,123,4,18
327,748,329,5,49
328,60,104,2,7
329,207,54,5,57
330,607,319,5,6
331,827,142,1,1
332,942,480,4,14
333,769,354,4,95
334,843,239,5,53
335,768,54,4,19
336,963,182,5,96
337,740,260,3,12
338,292,433,4,67
339,374,472,1,80
340,211,491,4,43
341,543,85,1,2
342,171,286,5,86
343,455,268,1,60
344,480,307,1,91
345,115,485,4,13
346,566,354,5,14
347,482,500,2,16
348,694,306,5,81
349,258,247,4,99
350,203,249,3,29
351,900,215,5,13
352,8,94,-3,70
353,741,367,5,46
354,477,444,-5,4
355,667,132,3,24
356,139,110,4,23
357,845,63,4,74
358,394,309,4,70
359,467,133,4,85
360,399,411,4,87
361,68,224,5,88
362,592,436,3,89
363,899,483,2,11
364,754,60,4,38
365,398,38,1,61
366,223,102,3,5
367,978,417,5,98
368,801,81,3,27
369,712,58,5,68
370,592,71,3,69
371,516,34,-2,3
372,935,55,4,76
373,77,417,1,40
374,48,76,1,47
375,387,244,3,97
376,564,199,3,51
377,251,119,5,42
378,564,47,1,0
379,840,61,3,63
380,788,80,4,64
381,600,404,4,15
382,253,283,3,41
383,937,443,1,17
384,79,464,4,63
385,101,69,2,75
386,577,255,5,12
387,266,80,4,81
388,688,416,5,59
389,752,197,1,19
390,300,223,3,98
391,792,237,4,18
392,67,227,1,3
393,63,424,5,59
394,394,413,3,96
395,545,329,2,61
396,63,111,1,62
397,234,272,1,99
398,453,152,1,38
399,333,362,4,85
400,52,83,5,22
401,790,385,4,87
402,152,458,4,23
403,854,154,1,57
404,257,70,1,57
405,387,350,2,18
406,70,441,2,43
407,562,496,4,60
408,142,184,5,16
409,542,221,5,60
410,417,459,1,33
411,959,268,4,75
412,181,30,3,99
413,241,133,1,44
414,704,269,5,98
415,205,296,4,95
416,927,168,5,57
417,264,398,1,40
418,672,378,3,52
419,755,243,5,76
420,512,364,3,44
421,447,436,1,75
422,29,124,5,33
423,186,245,2,51
424,134,234,2,23
425,181,90,2,61
426,780,39,4,47
427,502,219,5,15
428,110,217,2,7
429,162,316,5,47
430,275,429,5,51
431,239,17,3,22
432,856,218,5,1
433,878,413,-2,23
434,185,383,4,72
435,15,49,3,23
436,276,254,1,7
437,26,445,1,57
438,909,389,1,27
439,83,205,2,57
440,41,455,-3,87
441,34,150,5,25
442,424,428,4,23
443,287,193,5,28
444,884,414,4,20
445,802,228,4,30
446,6,277,2,72
447,408,388,3,33
448,903,180,5,93
449,564,167,1,89
450,756,310,2,16
451,162,389,4,23
452,90,82,5,15
453,228,179,1,38
454,577,419,4,7
455,441,368,4,57
456,340,422,2,58
457,567,330,3,45
458,603,251,3,79
459,601,192,1,57
460,518,440,5,55
461,3,215,4,46
462,867,446,1,21
463,11,341,1,72
464,865,88,5,5
465,791,40,3,99
466,307,452,2,79
467,266,278,5,4
468,178,461,2,44
469,254,106,2,0
470,251,184,1,5
471,384,464,3,44
472,61,59,5,93
473,346,146,3,91
474,35,116,4,74
475,568,414,5,36
476,214,320,2,96
477,198,449,2,37
478,404,471,2,75
479,8,416,5,3
480,765,380,5,82
481,130,426,3,96
482,166,451,5,7
483,342,385,5,50
484,896,314,5,78
485,58,61,2,31
486,412,102,1,61
487,603,191,3,20
488,16,197,2,76
489,275,329,1,72
490,459,176,5,12
491,186,203,4,9
492,103,247,3,29
493,132,484,4,35
494,155,342,5,80
495,258,197,1,18
496,912,318,4,15
497,785,118,1,0
498,163,338,5,34
499,141,139,1,24
500,109,33,3,88
501,340,182,1,40
502,215,369,2,12
503,108,154,2,85
504,530,436,4,62
505,473,327,2,33
506,998,65,3,88
507,881,68,2,11
508,242,363,3,80
509,330,359,5,14
510,754,475,1,38
511,495,253,1,55
512,392,425,5,25
513,902,121,2,75
514,572,221,3,12
515,633,483,1,21
516,734,278,3,55
517,905,267,3,81
518,804,184,5,67
519,757,278,2,99
520,448,364,4,17
521,177,10,5,34
522,129,338,5,99
523,313,474,2,99
524,327,378,3,10
525,402,87,5,20
526,891,180,1,96
527,188,181,4,21
528,308,229,2,70
529,604,390,3,23
530,93,436,2,20
531,281,45,3,72
532,609,6,1,77
533,428,202,2,88
534,138,210,4,0
535,851,457,3,6
536,370,221,2,23
537,857,146,1,2
538,630,39,1,94
539,589,113,2,47
540,552,318,2,17
541,857,238,1,11
542,228,196,1,88
543,989,11,5,18
544,675,20,3,51
545,114,473,4,7
546,447,446,2,50
547,726,270,-3,1
548,334,117,4,22
549,434,47,4,54
550,878,115,1,26
551,908,102,-4,14
552,960,406,5,33
553,96,495,4,38
554,205,367,1,49
555,922,419,3,14
556,202,236,2,59
557,917,199,5,46
558,431,458,1,54
559,214,405,3,77
560,639,500,1,35
561,829,36,4,41
562,103,262,-5,56
563,89,428,4,79
564,194,89,3,89
565,904,87,3,71
566,316,137,3,9
567,173,113,3,44
568,344,408,2,64
569,587,131,4,72
570,12,85,3,37
571,379,382,2,48
572,141,215,5,72
573,705,240,2,25
574,752,362,3,8
575,981,2,5,43
576,896,173,3,61
577,275,90,1,50
578,241,165,-5,77
579,818,17,5,99
580,547,40,3,86
581,313,251,4,94
582,228,234,5,66
583,218,235,1,50
584,85,278,4,83
585,360,450,4,32
586,870,240,2,86
587,774,120,4,70
588,923,494,1,47
589,904,356,1,66
590,530,383,5,73
591,62,77,4,60
592,171,296,1,1
593,316,172,1,89
594,862,429,-5,49
595,1000,121,3,52
596,439,18,3,4
597,254,228,3,54
598,252,109,1,50
599,451,341,2,2
600,483,359,1,70
601,188,377,2,53
602,879,244,5,82
603,84,315,1,98
604,521,332,5,55
605,515,390,3,86
606,847,24,4,60
607,587,213,2,38
608,174,357,5,88
609,869,258,-4,51
610,865,162,3,2
611,653,155,5,17
612,121,356,4,7
613,878,288,4,97
614,80,280,4,87
615,31,209,4,26
616,63,391,1,51
617,592,477,1,60
618,830,298,5,22
619,522,430,5,10
620,581,418,5,20
621,576,79,4,89
622,905,394,2,98
623,475,47,4,94
624,7,274,4,39
625,176,208,5,37
626,212,368,5,68
627,681,121,1,86
628,981,168,3,87
629,616,355,1,14
630,794,290,5,53
631,390,307,2,8
632,840,276,-4,24
633,265,311,5,20
634,279,119,5,65
635,285,338,2,6
636,802,447,1,59
637,115,213,4,64
638,6,198,4,82
639,228,348,1,43
640,541,297,1,13
641,872,130,5,92
642,923,436,5,11
643,205,482,4,99
644,488,28,5,19
645,306,22,4,6
646,526,323,5,4
647,920,444,1,58
648,154,271,2,76
649,564,90,3,38
650,335,386,1,84
651,469,76,5,64
652,990,174,5,23
653,479,324,3,11
654,553,2,4,75
655,737,308,4,14
656,484,208,-4,16
657,34,272,2,2
658,123,234,1,81
659,180,473,4,24
660,904,136,3,34
661,823,305,4,80
662,658,130,3,66
663,897,249,1,10
664,754,383,3,84
665,147,153,2,84
666,221,209,5,2
667,962,475,2,28
668,255,5,2,70
669,584,232,4,90
670,625,193,4,0
671,773,151,2,48
672,865,392,3,5
673,228,358,4,32
674,82,359,5,56
675,798,483,-3,86
676,249,448,4,89
677,899,461,5,69
678,361,448,5,57
679,255,266,3,35
680,410,211,2,25
681,237,220,1,48
682,475,310,5,67
683,600,38,2,47
684,581,419,4,85
685,139,384,1,32
686,538,199,2,21
687,578,318,2,1
688,408,38,4,72
689,182,97,3,48
690,605,466,5,84
691,603,469,5,93
692,221,165,5,94
693,996,205,5,65
694,508,231,5,23
695,800,223,1,38
696,261,269,2,6
697,888,414,3,77
698,98,168,2,77
699,195,500,5,10
700,130,207,-1,3
701,69,149,3,6
702,675,358,4,51
703,632,371,1,39
704,678,117,1,36
705,578,37,2,38
706,210,265,5,63
707,923,326,5,60
708,606,314,5,55
709,853,344,4,38
710,805,342,2,37
711,338,318,2,7
712,240,173,2,3
713,497,219,4,77
714,105,319,3,71
715,411,65,5,99
716,997,419,1,83
717,379,206,5,16
718,88,243,3,31
719,3,230,5,52
720,959,270,4,73
721,492,79,3,0
722,815,481,3,62
723,728,84,3,28
724,673,100,4,84
725,871,208,1,1
726,502,254,2,82
727,509,497,3,7
728,89,388,5,97
729,990,24,2,88
730,637,382,5,76
731,605,102,5,61
732,471,21,2,38
733,830,151,3,35
734,294,282,5,0
735,506,221,1,56
736,548,213,2,99
737,68,473,1,88
738,424,165,1,99
739,74,403,4,80
740,941,353,5,99
741,92,248,2,84
742,552,304,3,10
743,393,99,3,4
744,76,286,-3,65
745,355,279,1,93
746,98,165,4,33
747,820,318,4,85
748,617,342,1,50
749,504,421,4,0
750,12,301,2,1
751,327,458,3,15
752,19,390,2,77
753,729,280,2,22
754,553,13,2,75
755,788,83,1,30
756,938,421,5,70
757,972,143,1,84
758,554,7,2,50
759,623,358,3,11
760,392,145,4,90
761,888,105,2,43
762,136,103,1,24
763,480,154,3,2
764,520,461,1,97
765,443,250,1,64
766,620,286,4,5
767,43,348,1,76
768,95,277,3,28
769,205,349,2,49
770,99,172,5,35
771,575,25,3,20
772,247,96,1,14
773,413,17,3,58
774,689,82,2,2
775,616,464,-4,86
776,489,488,3,46
777,304,246,1,68
778,696,396,2,81
779,82,228,1,37
780,76,422,5,73
781,250,296,3,53
782,498,412,4,52
783,418,93,2,41
784,591,193,1,46
785,14,71,4,9
786,309,9,2,47
787,569,465,4,0
788,398,265,4,6
789,833,27,4,30
790,406,123,4,1
791,133,375,5,82
792,649,220,3,1
793,602,62,1,27
794,607,61,2,7
795,243,328,1,18
796,24,312,3,43
797,205,393,4,96
798,479,357,5,46
799,115,295,2,50
800,639,367,5,55
801,884,496,4,44
802,971,253,3,84
803,831,140,5,17
804,293,383,5,77
805,293,474,3,28
806,128,286,1,80
807,736,281,5,49
808,359,272,2,36
809,866,145,3,50
810,161,444,2,76
811,380,77,1,63
812,54,162,-4,48
813,993,416,4,13
814,861,72,3,69
815,459,6,3,57
816,158,388,-4,51
817,202,181,1,46
818,28,37,3,25
819,70,226,2,86
820,974,47,4,63
821,324,217,1,44
822,586,32,3,16
823,310,39,2,31
824,315,227,5,33
825,385,496,3,93
826,219,50,3,88
827,940,240,5,6
828,472,64,5,94
829,659,478,5,81
830,408,223,3,91
831,220,220,3,49
832,568,121,2,41
833,507,136,5,58
834,978,4,3,87
835,791,96,2,95
836,868,243,1,69
837,877,4,1,72
838,27,309,3,55
839,223,98,2,88
840,716,246,2,100
841,216,290,4,37
842,191,445,5,17
843,782,84,4,58
844,881,304,2,33
845,485,471,2,79
846,164,115,5,43
847,48,70,2,87
848,590,49,3,88
849,67,217,5,24
850,818,90,5,35
851,218,493,3,63
852,620,303,5,19
853,10,410,4,42
854,883,44,3,34
855,130,460,4,7
856,454,166,4,72
857,638,36,2,70
858,128,16,1,91
859,808,146,2,27
860,189,397,4,80
861,155,468,2,63
862,479,112,2,9
863,744,260,1,50
864,306,374,4,3
865,454,2,2,71
866,244,194,1,42
867,174,320,5,38
868,295,44,1,81
869,726,153,1,16
870,277,10,4,60
871,376,260,2,54
872,142,191,5,0
873,441,426,2,1
874,251,362,4,24
875,679,183,4,33
876,747,37,3,73
877,323,305,4,82
878,107,268,2,75
879,585,348,4,95
880,555,363,3,76
881,264,307,5,54
882,758,318,-3,40
883,289,306,2,18
884,794,447,4,37
885,135,382,2,75
886,391,52,2,12
887,562,300,5,83
888,888,467,1,42
889,576,478,3,29
890,5,359,1,23
891,448,380,2,17
892,837,303,5,90
893,962,255,3,22
894,952,327,2,43
895,473,383,5,89
896,868,263,5,67
897,989,66,2,57
898,560,333,4,7
899,560,498,3,8
900,51,197,1,93
901,741,131,5,82
902,314,240,5,76
903,891,496,-3,50
904,696,167,5,54
905,639,138,5,99
906,198,453,5,30
907,877,318,4,19
908,824,62,1,69
909,902,73,4,10
910,136,4,1,53
911,923,164,4,87
912,974,143,3,63
913,536,485,4,41
914,777,184,4,45
915,990,89,3,60
916,6,4,1,49
917,346,267,4,67
918,299,350,1,45
919,392,181,3,41
920,180,457,3,38
921,789,263,5,78
922,304,3,2,25
923,417,468,-5,54
924,795,120,3,60
925,748,33,4,2
926,419,100,1,79
927,960,138,2,27
928,422,32,2,5
929,341,375,1,69
930,548,115,1,77
931,285,383,1,27
932,593,7,5,98
933,68,422,5,60
934,889,433,5,62
935,280,173,2,71
936,215,186,4,78
937,14,153,3,5
938,363,386,4,96
939,307,261,1,73
940,656,328,2,73
941,20,455,3,74
942,780,281,1,17
943,443,1,2,91
944,277,76,1,29
945,363,467,5,76
946,144,171,5,35
947,892,9,4,24
948,158,21,2,12
949,451,341,4,60
950,448,236,3,78
951,972,59,3,8
952,436,378,3,87
953,163,104,1,64
954,742,67,5,40
955,533,448,4,89
956,961,142,1,73
957,251,332,2,21
958,440,16,3,92
959,734,319,3,21
960,859,247,3,66
961,870,228,-2,89
962,413,94,5,27
963,658,469,1,47
964,832,272,1,59
965,154,151,2,48
966,842,175,5,39
967,562,304,1,53
968,242,69,4,92
969,670,243,1,57
970,969,297,1,19
971,234,242,5,7
972,833,408,4,40
973,894,410,5,80
974,57,344,5,35
975,458,298,3,90
976,643,406,4,53
977,322,104,5,67
978,839,450,5,69
979,41,432,4,95
980,527,34,3,74
981,506,309,1,71
982,379,262,5,97
983,400,86,4,70
984,270,282,5,56
985,538,12,2,2
986,409,41,2,30
987,698,56,2,14
988,806,342,5,3
989,342,378,1,70
990,560,52,2,72
991,553,268,4,83
992,101,262,2,3
993,501,4,4,49
994,871,495,5,4
995,49,233,5,16
996,799,76,5,71
997,567,311,2,28
998,724,262,4,84
999,924,233,1,31
1000,46,216,4,41
1001,629,212,5,100
1002,231,499,2,43
1003,457,7,4,56
1004,104,393,2,84
1005,224,52,3,42
1006,44,349,3,56
1007,34,184,2,82
1008,490,317,5,86
1009,228,265,3,90
1010,270,23,3,47
1011,551,108,1,9
1012,316,455,4,6
1013,719,53,2,29
1014,813,166,1,25
1015,455,59,3,80
1016,839,479,5,77
1017,39,299,4,57
1018,551,28,2,29
1019,310,412,3,45
1020,299,135,4,60
1021,301,13,2,98
1022,877,219,3,2
1023,224,481,2,78
1024,224,389,4,64
1025,890,61,3,74
1026,375,232,2,76
1027,686,76,4,29
1028,403,493,5,99
1029,728,20,2,72
1030,340,287,3,90
1031,658,84,2,29
1032,93,193,3,8
1033,642,379,3,68
1034,444,409,4,3
1035,933,107,3,37
1036,867,242,3,49
1037,126,177,5,45
1038,666,43,4,34
1039,946,476,5,14
1040,453,2,3,1
1041,920,85,1,65
1042,415,290,5,9
1043,966,147,1,29
1044,308,429,3,85
1045,716,456,1,90
1046,837,288,2,88
1047,461,148,1,94
1048,606,415,2,68
1049,681,327,2,25
1050,30,416,2,54
1051,650,179,1,73
1052,600,197,2,14
1053,194,213,4,57
1054,615,383,4,53
1055,976,40,1,17
1056,765,202,2,35
1057,973,472,1,17
1058,859,66,2,87
1059,226,138,5,75
1060,75,461,2,92
1061,434,284,2,53
1062,633,380,1,12
1063,464,315,1,41
1064,312,142,4,15
1065,28,316,2,27
1066,879,180,1,58
1067,405,465,3,55
1068,144,445,4,6
1069,393,127,4,96
1070,224,35,5,74
1071,366,377,4,78
1072,365,299,2,81
1073,702,225,4,33
1074,306,312,1,3
1075,879,496,-5,41
1076,184,381,3,43
1077,740,107,3,99
1078,700,131,5,51
1079,185,274,5,29
1080,308,241,2,29
1081,948,185,3,48
1082,713,43,3,87
1083,595,425,2,19
1084,118,134,5,58
1085,478,302,3,27
1086,896,353,-1,37
1087,330,147,2,56
1088,446,218,1,65
1089,716,271,3,64
1090,103,371,5,61
1091,88,160,2,74
1092,95,481,1,32
1093,493,274,4,21
1094,968,410,1,62
1095,80,281,4,12
1096,688,208,5,40
1097,132,170,4,6
1098,562,334,1,18
1099,842,297,2,31
1100,739,37,3,33
1101,761,101,1,51
1102,190,100,1,23
1103,443,448,3,82
1104,344,466,1,86
1105,851,71,2,36
1106,99,149,2,3
1107,492,19,1,40
1108,328,379,5,72
1109,98,441,4,54
1110,211,435,5,18
1111,874,70,3,4
1112,328,119,5,16
1113,181,25,3,48
1114,29,49,5,96
1115,78,59,2,32
1116,215,115,5,12
1117,658,90,3,23
1118,979,499,1,27
1119,751,307,3,42
1120,422,348,3,42
1121,312,96,5,51
1122,824,153,5,56
1123,6,89,3,74
1124,440,99,3,22
1125,748,415,5,45
1126,769,233,4,80
1127,841,125,3,84
1128,653,321,3,22
1129,851,119,3,51
1130,95,172,2,49
1131,414,190,3,72
1132,274,250,4,20
1133,253,447,5,7
1134,427,214,3,13
1135,802,190,2,31
1136,596,358,3,20
1137,453,399,3,97
1138,737,163,2,43
1139,595,358,4,16
1140,902,393,5,70
1141,766,128,2,37
1142,933,363,4,63
1143,155,153,1,43
1144,161,329,4,82
1145,429,487,2,95
1146,954,115,3,34
1147,676,147,4,70
1148,768,220,2,85
1149,423,402,1,50
1150,151,152,5,60
1151,243,316,5,96
1152,560,404,1,53
1153,882,115,5,10
1154,919,401,5,83
1155,473,46,-1,31
1156,826,107,4,16
1157,483,354,2,99
1158,5,483,1,35
1159,434,418,4,70
1160,20,285,2,49
1161,588,107,1,16
1162,293,204,2,75
1163,802,396,4,50
1164,658,143,2,95
1165,852,325,2,49
1166,304,177,4,26
1167,196,307,1,58
1168,954,300,5,80
1169,12,111,4,73
1170,867,341,1,85
1171,658,212,4,91
1172,472,46,5,52
1173,689,14,4,87
1174,230,112,3,28
1175,34,54,4,13
1176,805,396,5,3
1177,795,368,2,72
1178,749,300,1,97
1179,200,116,2,34
1180,221,244,4,61
1181,211,490,3,68
1182,289,24,5,69
1183,272,46,1,9
1184,506,308,2,4
1185,258,466,5,11
1186,11,500,3,74
1187,605,340,-1,98
1188,869,160,2,4
1189,576,426,4,53
1190,414,469,5,4
1191,75,449,5,77
1192,299,74,1,98
1193,514,459,3,38
1194,910,80,1,26
1195,77,218,1,89
1196,688,50,4,75
1197,943,279,4,7
1198,807,247,1,89
1199,810,254,1,26
1200,802,362,1,74
1201,949,434,1,17
1202,476,343,1,20
1203,534,285,1,37
1204,136,431,5,58
1205,307,163,2,62
1206,77,396,5,27
1207,488,435,5,47
1208,302,441,4,24
1209,245,284,1,4
1210,512,155,5,14
1211,389,63,5,36
1212,657,78,1,44
1213,50,39,2,10
1214,224,170,1,52
1215,444,495,2,49
1216,562,130,3,43
1217,331,90,4,94
1218,77,2,2,81
1219,499,369,1,90
1220,556,306,5,35
1221,937,466,3,54
1222,290,260,5,76
1223,60,16,3,13
1224,644,359,3,55
1225,962,340,4,26
1226,797,259,3,18
1227,189,230,1,58
1228,414,69,3,51
1229,266,196,-1,60
1230,44,43,3,83
1231,114,430,2,0
1232,388,261,4,23
1233,807,359,5,56
1234,106,449,1,0
1235,833,211,4,69
1236,689,140,1,62
1237,145,4,4,52
1238,514,369,1,15
1239,812,338,2,17
1240,566,76,2,22
1241,291,7,5,35
1242,888,80,5,24
1243,621,303,5,38
1244,280,48,1,92
1245,275,232,5,14
1246,912,401,1,90
1247,253,178,1,99
1248,327,496,4,18
1249,659,272,5,16
1250,8,406,4,37
1251,718,480,3,62
1252,42,307,4,67
1253,131,475,5,2
1254,25,459,3,13
1255,932,444,3,31
1256,628,171,2,100
1257,780,465,1,83
1258,481,285,4,58
1259,905,322,2,70
1260,88,329,5,86
1261,625,115,1,49
1262,353,255,5,82
1263,26,345,2,59
1264,792,60,2,12
1265,677,318,4,32
1266,926,123,4,76
1267,327,417,3,70
1268,353,469,4,100
1269,586,157,1,69
1270,192,295,1,53
1271,441,291,1,88
1272,916,79,5,77
1273,440,8,4,8
1274,398,170,4,58
1275,464,388,3,47
1276,45,43,4,40
1277,425,48,2,53
1278,71,154,5,70
1279,367,113,1,65
1280,491,371,4,78
1281,656,314,4,37
1282,471,397,4,23
1283,898,416,1,68
1284,189,124,2,32
1285,309,263,1,98
1286,82,233,2,39
1287,339,176,2,50
1288,336,274,3,40
1289,867,490,5,3
1290,855,256,-5,48
1291,285,85,3,57
1292,782,110,2,84
1293,814,174,5,37
1294,954,114,1,41
1295,944,415,2,67
1296,48,144,1,17
1297,402,95,5,76
1298,162,51,4,37
1299,615,72,2,3
1300,418,238,5,98
1301,123,184,2,75
1302,416,196,5,26
1303,855,3,4,28
1304,840,182,1,27
1305,237,301,2,64
1306,545,400,3,0
1307,47,215,1,85
1308,109,296,2,82
1309,383,317,2,62
1310,87,310,1,0
1311,23,95,5,82
1312,102,193,2,23
1313,386,367,3,89
1314,527,379,3,45
1315,317,2,4,74
1316,832,461,-2,29
1317,813,400,3,93
1318,223,70,2,10
1319,667,322,4,59
1320,548,394,1,36
1321,297,226,3,31
1322,802,379,1,78
1323,776,181,2,86
1324,935,54,1,85
1325,511,220,4,91
1326,60,177,2,84
1327,918,389,4,8
1328,803,295,2,70
1329,718,332,3,61
1330,417,340,1,92
1331,160,68,2,8
1332,401,245,5,87
1333,25,198,4,80
1334,344,126,2,19
1335,498,64,5,45
1336,74,445,2,48
1337,530,369,3,82
1338,425,113,4,10
1339,867,78,5,39
1340,42,15,2,58
1341,792,466,2,72
1342,579,465,2,31
1343,75,107,2,33
1344,614,338,5,48
1345,214,65,4,96
1346,731,133,1,62
1347,207,411,4,52
1348,74,452,3,26
1349,143,22,1,12
1350,684,446,1,49
1351,168,359,4,50
1352,442,228,2,47
1353,148,250,2,35
1354,354,113,2,62
1355,375,345,4,40
1356,396,315,4,52
1357,452,262,3,75
1358,169,143,5,36
1359,851,62,1,39
1360,142,162,1,52
1361,994,291,4,41
1362,952,171,1,18
1363,56,444,4,98
1364,459,449,4,91
1365,612,484,2,94
1366,23,315,4,74
1367,264,351,3,17
1368,590,57,3,55
1369,673,191,1,23
1370,201,150,4,59
1371,878,354,1,36
1372,996,253,5,59
1373,141,192,1,66
1374,672,27,4,3
1375,666,313,5,17
1376,464,285,2,99
1377,456,331,2,88
1378,582,358,3,40
1379,945,203,4,51
1380,456,7,4,25
1381,225,344,2,100
1382,533,219,2,0
1383,142,453,2,3
1384,862,26,5,37
1385,275,65,4,32
1386,891,279,2,26
1387,218,217,4,86
1388,24,485,5,21
1389,708,277,5,51
1390,758,327,1,89
1391,9,437,3,81
1392,622,470,3,55
1393,614,69,1,71
1394,940,215,3,72
1395,54,59,2,18
1396,379,391,1,72
1397,384,26,1,9
1398,340,150,4,14
1399,806,461,5,91
1400,726,329,1,69
1401,222,488,5,93
1402,655,388,1,36
1403,70,32,3,7
1404,66,179,4,49
1405,349,39,2,42
1406,650,336,1,35
1407,223,245,3,58
1408,518,26,2,5
1409,13,53,4,66
1410,391,145,4,14
1411,836,231,5,33
1412,986,475,5,4
1413,474,405,1,51
1414,540,356,5,82
1415,496,360,1,55
1416,375,265,4,54
1417,530,217,1,10
1418,482,424,4,56
1419,754,365,5,25
1420,164,212,1,60
1421,737,165,1,42
1422,550,107,3,24
1423,660,277,1,75
1424,336,226,2,69
1425,374,488,2,31
1426,608,395,5,20
1427,398,205,2,12
1428,796,359,4,42
1429,69,349,3,69
1430,952,218,4,70
1431,890,107,1,99
1432,156,404,5,43
1433,923,423,4,22
1434,394,221,5,71
1435,228,131,3,8
1436,831,379,1,21
1437,896,266,3,38
1438,992,123,1,69
1439,196,482,1,68
1440,947,242,2,92
1441,655,234,2,71
1442,865,86,4,60
1443,942,383,1,15
1444,514,150,2,40
1445,751,247,5,49
1446,799,309,1,1
1447,85,75,1,6
1448,734,440,3,18
1449,692,149,4,27
1450,988,27,3,94
1451,870,421,4,60
1452,634,428,4,15
1453,597,324,4,13
1454,727,313,4,44
1455,413,395,4,52
1456,622,313,4,67
1457,200,148,-3,2
1458,731,188,2,20
1459,860,145,2,86
1460,730,187,2,99
1461,206,491,2,16
1462,594,39,3,31
1463,721,7,4,2
1464,292,245,2,53
1465,117,172,4,100
1466,118,43,3,4
1467,99,23,1,50
1468,932,78,4,1
1469,34,69,4,44
1470,735,107,3,59
1471,613,234,5,26
1472,296,260,5,91
1473,504,458,1,76
1474,291,293,4,60
1475,838,130,4,31
1476,728,259,4,81
1477,291,348,-2,19
1478,213,47,4,88
1479,674,209,4,46
1480,531,73,3,50
1481,271,440,5,21
1482,511,343,-2,37
1483,831,18,2,2
1484,681,26,1,38
1485,387,405,1,40
1486,25,287,3,35
1487,147,254,1,51
1488,208,374,1,82
1489,203,121,3,53
1490,932,112,4,76
1491,853,460,2,1
1492,60,30,1,75
1493,841,305,5,30
1494,455,267,-1,93
1495,964,159,5,5
1496,660,486,2,42
1497,286,34,3,69
1498,615,388,2,79
1499,637,379,2,6
1500,724,113,4,53
1501,249,395,4,50
1502,939,330,1,65
1503,85,72,2,86
1504,533,35,3,97
1505,799,235,3,98
1506,4,447,3,91
1507,849,442,1,4
1508,698,281,2,86
1509,251,5,5,55
1510,208,310,4,79
1511,143,49,5,74
1512,765,158,2,85
1513,239,243,4,93
1514,664,15,1,51
1515,438,246,1,65
1516,408,446,2,84
1517,830,491,2,52
1518,443,279,5,85
1519,26,45,4,99
1520,166,236,4,22
1521,189,218,4,55
1522,851,354,5,1
1523,705,100,4,82
1524,973,203,3,21
1525,939,329,5,86
1526,551,496,5,0
1527,595,299,2,40
1528,109,70,3,43
1529,492,239,2,55
1530,618,429,4,48
1531,563,430,2,71
1532,760,273,-1,40
1533,75,471,3,15
1534,112,457,4,42
1535,597,97,5,8
1536,143,303,3,50
1537,96,274,5,56
1538,117,431,3,67
1539,58,447,3,99
1540,736,309,2,33
1541,721,327,2,66
1542,575,428,4,44
1543,51,321,-2,82
1544,145,302,2,2
1545,749,450,2,43
1546,66,330,5,50
1547,37,253,3,21
1548,993,12,4,84
1549,353,77,2,20
1550,194,209,5,26
1551,650,288,1,49
1552,43,7,4,81
1553,963,70,3,100
1554,395,334,4,17
1555,825,294,4,46
1556,968,406,3,3
1557,335,254,1,82
1558,313,201,5,47
1559,695,398,4,32
1560,390,278,4,100
1561,662,156,3,47
1562,339,371,1,35
1563,440,459,5,68
1564,429,182,5,25
1565,894,138,5,25
1566,576,380,2,84
1567,362,336,5,54
1568,876,214,4,27
1569,402,425,3,66
1570,158,16,4,60
1571,483,3,5,77
1572,163,396,4,98
1573,575,112,3,38
1574,999,374,4,76
1575,888,275,-1,45
1576,742,405,3,40
1577,370,370,1,76
1578,276,206,4,21
1579,9,27,4,25
1580,940,389,5,97
1581,47,357,4,57
1582,757,251,2,75
1583,651,404,3,85
1584,703,3,2,71
1585,65,216,2,42
1586,360,57,3,4
1587,706,357,1,38
1588,24,337,2,71
1589,215,176,2,8
1590,476,306,3,98
1591,689,351,2,28
1592,636,440,3,24
1593,739,372,1,14
1594,673,181,5,3
1595,890,86,4,45
1596,472,419,3,19
1597,861,346,4,23
1598,353,57,1,67
1599,229,271,2,70
1600,359,179,3,43
1601,266,324,4,5
1602,844,466,1,74
1603,97,41,4,85
1604,312,177,3,40
1605,226,353,4,89
1606,784,214,2,60
1607,866,56,4,58
1608,453,129,4,12
1609,144,434,1,85
1610,488,192,4,92
1611,891,383,2,97
1612,905,52,2,96
1613,527,132,5,15
1614,803,336,4,50
1615,604,319,1,54
1616,86,309,-4,30
1617,865,121,5,76
1618,76,224,4,7
1619,34,365,3,92
1620,605,277,2,16
1621,721,371,4,56
1622,824,52,2,97
1623,801,118,5,71
1624,40,158,5,44
1625,93,337,3,83
1626,149,190,5,31
1627,376,24,2,70
1628,740,122,1,31
1629,483,186,3,56
1630,190,311,5,8
1631,340,150,5,3
1632,644,133,2,10
1633,725,104,3,31
1634,630,191,2,10
1635,703,335,2,85
1636,496,248,1,86
1637,329,9,4,18
1638,118,486,4,77
1639,925,401,3,8
1640,219,439,2,65
1641,438,73,5,10
1642,749,258,4,29
1643,160,81,1,75
1644,407,291,1,100
1645,224,348,4,55
1646,117,396,1,45
1647,527,350,-4,62
1648,659,150,3,76
1649,861,374,1,47
1650,58,131,3,40
1651,829,91,1,16
1652,387,381,5,31
1653,569,314,1,27
1654,318,327,3,7
1655,324,258,4,57
1656,49,122,-1,34
1657,800,369,2,34
1658,707,236,3,38
1659,550,365,2,30
1660,555,259,1,5
1661,250,426,5,85
1662,177,37,1,96
1663,250,126,3,48
1664,559,159,-2,19
1665,241,275,5,21
1666,242,89,1,98
1667,202,351,1,96
1668,536,63,4,28
1669,10,122,5,72
1670,697,45,4,31
1671,615,7,4,95
1672,724,157,4,54
1673,48,22,1,45
1674,264,358,1,99
1675,486,468,1,58
1676,248,138,5,46
1677,29,407,5,77
1678,185,111,4,0
1679,83,392,1,99
1680,83,319,3,82
1681,266,479,3,53
1682,146,316,4,44
1683,843,59,5,23
1684,511,41,2,56
1685,701,416,1,88
1686,514,257,4,96
1687,436,124,5,45
1688,138,380,4,97
1689,946,398,4,69
1690,26,191,3,63
1691,101,101,5,67
1692,294,422,1,21
1693,223,352,3,85
1694,71,155,3,100
1695,391,91,4,54
1696,224,1,3,87
1697,825,235,4,99
1698,306,90,1,47
1699,524,117,1,76
1700,545,378,4,26
1701,426,135,4,3
1702,398,161,4,68
1703,397,304,5,61
1704,222,194,5,71
1705,237,2,1,35
1706,499,350,5,82
1707,747,117,1,97
1708,999,93,2,99
1709,971,305,1,84
1710,495,479,1,49
1711,229,144,1,5
1712,52,194,2,74
1713,557,232,2,16
1714,288,246,1,66
1715,90,275,1,57
1716,792,485,4,83
1717,848,246,3,86
1718,628,374,5,83
1719,591,245,3,74
1720,640,308,1,40
1721,890,70,1,62
1722,286,280,4,42
1723,365,265,1,70
1724,679,53,1,55
1725,217,324,3,52
1726,97,209,2,12
1727,473,490,3,45
1728,183,382,4,13
1729,313,312,4,27
1730,575,260,1,11
1731,914,109,5,88
1732,664,298,5,6
1733,971,86,1,14
1734,659,422,1,63
1735,506,179,2,87
1736,118,200,2,88
1737,944,62,2,9
1738,882,270,3,34
1739,773,435,1,39
1740,855,29,2,60
1741,616,183,3,47
1742,341,258,2,43
1743,926,496,2,87
1744,601,281,1,19
1745,286,376,2,77
1746,149,467,3,99
1747,351,55,4,34
1748,615,359,2,41
1749,900,35,3,63
1750,920,92,1,90
1751,724,97,4,4
1752,556,203,2,73
1753,367,133,1,26
1754,569,129,3,29
1755,399,112,1,77
1756,917,396,4,76
1757,678,378,3,99
1758,48,334,5,54
1759,314,186,5,68
1760,645,143,1,71
1761,626,310,2,89
1762,496,326,2,42
1763,779,474,1,53
1764,66,35,2,27
1765,482,99,-4,57
1766,710,70,1,61
1767,724,151,1,90
1768,313,68,2,82
1769,872,484,3,12
1770,538,451,2,7
1771,935,126,2,93
1772,321,158,1,12
1773,103,333,3,37
1774,304,390,5,34
1775,685,16,2,88
1776,828,429,3,0
1777,316,225,4,44
1778,961,47,1,85
1779,437,337,1,43
1780,281,5,5,73
1781,317,254,3,24
1782,635,362,1,24
1783,328,160,2,38
1784,96,351,5,7
1785,845,92,4,9
1786,842,400,1,3
1787,326,197,3,78
1788,768,296,5,22
1789,980,90,2,61
1790,391,222,5,84
1791,434,308,2,99
1792,356,120,2,68
1793,583,129,1,8
1794,555,401,2,77
1795,856,319,2,100
1796,130,144,-2,37
1797,435,345,2,65
1798,277,210,2,25
1799,691,265,5,77
1800,244,132,2,60
1801,962,491,5,48
1802,627,131,1,64
1803,828,186,3,22
1804,745,288,2,49
1805,968,69,5,42
1806,461,138,2,43
1807,23,296,3,20
1808,874,287,5,79
1809,624,140,4,80
1810,255,292,4,77
1811,433,146,3,26
1812,99,430,4,51
1813,265,235,1,70
1814,5,20,5,75
1815,140,282,5,58
1816,282,146,5,82
1817,387,265,4,55
1818,552,313,5,33
1819,419,359,1,58
1820,876,329,1,55
1821,88,434,3,79
1822,85,42,1,97
1823,537,134,4,13
1824,492,425,3,53
1825,334,1,3,9
1826,518,217,1,87
1827,504,340,3,33
1828,741,350,2,26
1829,213,497,3,78
1830,446,295,-5,41
1831,1000,475,3,41
1832,18,331,3,100
1833,878,363,5,29
1834,319,24,2,91
1835,271,462,2,71
1836,483,426,5,75
1837,340,411,4,15
1838,35,433,2,42
1839,883,350,2,68
1840,723,252,4,95
1841,386,448,3,65
1842,74,323,4,97
1843,530,332,3,73
1844,767,209,5,6
1845,201,166,5,44
1846,738,431,1,2
1847,871,392,2,56
1848,387,308,3,10
1849,626,333,2,0
1850,659,472,5,47
1851,890,463,4,58
1852,386,389,4,6
1853,397,168,4,18
1854,199,383,4,27
1855,697,145,2,80
1856,413,261,5,48
1857,736,126,2,13
1858,691,494,2,25
1859,451,348,4,11
1860,863,381,1,57
1861,859,64,4,38
1862,366,237,4,54
1863,424,456,2,49
1864,402,228,5,40
1865,522,315,5,77
1866,508,136,4,98
1867,628,140,3,83
1868,293,430,5,91
1869,602,182,2,57
1870,807,130,1,96
1871,488,200,4,53
1872,289,13,-3,19
1873,888,246,4,59
1874,316,306,4,44
1875,91,39,3,96
1876,213,334,2,7
1877,60,404,1,82
1878,585,436,3,94
1879,419,191,4,45
1880,154,124,3,92
1881,251,269,3,83
1882,375,126,3,23
1883,886,347,2,52
1884,33,324,1,4
1885,30,438,5,94
1886,62,377,2,39
1887,772,341,3,53
1888,615,353,5,64
1889,754,205,3,10
1890,105,350,3,64
1891,985,230,3,51
1892,320,374,3,60
1893,946,48,5,82
1894,419,262,-4,85
1895,738,237,5,52
1896,667,440,4,70
1897,726,315,1,94
1898,137,189,4,43
1899,601,192,1,67
1900,70,142,2,89
1901,238,2,2,73
1902,509,217,3,2
1903,859,247,2,79
1904,179,469,2,8
1905,364,35,2,11
1906,386,17,3,62
1907,889,125,2,70
1908,93,130,4,93
1909,348,86,3,58
1910,310,424,2,0
1911,621,135,-3,13
1912,919,383,2,92
1913,517,247,2,45
1914,551,469,4,52
1915,888,443,4,61
1916,209,47,2,46
1917,691,97,1,18
1918,383,101,3,53
1919,548,418,1,44
1920,637,480,5,99
1921,654,86,1,62
1922,336,176,5,79
1923,592,268,3,90
1924,813,499,1,21
1925,568,193,3,46
1926,860,455,1,48
1927,777,318,2,27
1928,966,438,1,75
1929,546,391,5,11
1930,734,392,1,93
1931,201,492,5,8
1932,887,198,2,33
1933,622,419,2,39
1934,106,353,5,47
1935,763,431,2,97
1936,861,301,1,22
1937,322,80,4,24
1938,90,152,4,11
1939,86,171,3,46
1940,56,488,1,41
1941,195,31,-3,37
1942,452,273,1,85
1943,916,25,5,94
1944,629,282,3,84
1945,328,234,4,94
1946,443,122,3,41
1947,311,62,5,94
1948,612,303,1,18
1949,629,440,5,34
1950,57,214,3,87
1951,633,470,1,2
1952,108,470,4,82
1953,631,48,1,7
1954,910,431,5,81
1955,681,129,2,94
1956,549,73,4,64
1957,156,352,1,81
1958,365,476,4,21
1959,391,428,5,72
1960,978,75,1,67
1961,278,255,5,90
1962,4,6,3,72
1963,678,410,3,63
1964,136,283,4,6
1965,162,75,1,5
1966,677,238,3,71
1967,506,377,2,32
1968,570,238,1,18
1969,91,152,3,23
1970,831,23,3,86
1971,906,474,1,90
1972,936,324,-5,51
1973,390,23,-3,70
1974,811,479,-2,33
1975,802,184,3,61
1976,978,412,4,88
1977,990,175,1,91
1978,264,446,1,81
1979,747,300,5,42
1980,987,353,3,26
1981,923,200,3,80
1982,442,413,2,28
1983,504,272,5,65
1984,902,196,3,54
1985,934,315,5,30
1986,399,338,1,53
1987,907,475,-2,75
1988,91,51,2,71
1989,945,144,4,75
1990,772,229,1,96
1991,16,110,5,2
1992,125,390,3,66
1993,784,166,2,71
1994,736,292,3,39
1995,729,386,1,33
1996,577,375,1,46
1997,452,66,5,30
1998,904,48,4,60
1999,58,420,5,42
2000,130,337,-4,63
2001,570,131,5,97
2002,835,321,5,95
2003,855,410,3,48
2004,153,304,2,47
2005,962,340,5,84
2006,908,82,5,21
2007,923,1,1,67
2008,252,192,2,5
2009,523,264,3,54
2010,306,349,4,62
2011,655,254,5,2
2012,409,143,3,70
2013,997,138,3,73
2014,589,244,3,18
2015,366,326,2,10
2016,331,460,3,87
2017,338,308,2,64
2018,501,141,5,90
2019,284,45,1,90
2020,995,270,4,87
2021,951,81,4,56
2022,124,430,1,78
2023,435,132,3,28
2024,417,183,3,9
2025,798,329,4,39
2026,627,207,4,67
2027,244,479,1,6
2028,212,180,5,23
2029,113,203,2,4
2030,755,168,5,60
2031,159,89,3,18
2032,288,389,5,95
2033,791,340,5,21
2034,421,284,1,72
2035,785,131,4,83
2036,978,43,5,4
2037,813,105,2,38
2038,74,430,3,28
2039,248,192,5,51
2040,765,249,1,44
2041,280,214,1,44
2042,158,457,4,5
2043,448,249,3,95
2044,413,325,2,63
2045,645,171,2,50
2046,874,407,3,79
2047,110,307,2,90
2048,358,210,4,94
2049,700,79,5,46
2050,175,44,3,41
2051,871,402,2,71
2052,21,345,4,58
2053,328,282,2,11
2054,396,94,4,33
2055,622,190,4,61
2056,274,148,4,0
2057,625,398,1,61
2058,85,342,5,89
2059,103,311,5,8
2060,384,190,1,19
2061,705,142,3,12
2062,619,400,2,43
2063,103,220,3,79
2064,533,389,2,66
2065,345,340,5,60
2066,456,223,3,48
2067,597,460,-1,61
2068,334,156,5,33
2069,726,108,3,28
2070,443,275,4,84
2071,345,441,4,72
2072,145,372,1,74
2073,628,440,1,62
2074,973,356,2,38
2075,355,108,3,75
2076,128,27,1,14
2077,342,330,3,59
2078,235,393,3,78
2079,247,340,1,84
2080,550,248,2,22
2081,375,240,5,43
2082,107,115,3,34
2083,749,325,4,39
2084,547,169,3,59
2085,682,161,2,30
2086,550,188,3,44
2087,855,397,5,100
2088,353,249,5,38
2089,371,476,5,12
2090,413,23,2,100
2091,544,396,3,80
2092,796,100,4,21
2093,760,377,-3,56
2094,19,239,1,32
2095,608,500,4,81
2096,261,374,4,85
2097,738,415,2,37
2098,358,366,3,73
2099,43,266,2,63
2100,382,366,4,4
2101,27,98,5,49
2102,80,236,3,78
2103,675,434,1,97
2104,768,19,4,58
2105,662,139,5,4
2106,443,359,5,22
2107,321,161,1,50
2108,160,57,3,74
2109,243,341,5,98
2110,600,218,4,51
2111,362,102,4,62
2112,377,451,3,90
2113,418,24,4,7
2114,137,274,5,27
2115,88,496,2,29
2116,840,55,-2,78
2117,279,98,1,77
2118,878,159,2,63
2119,999,315,2,55
2120,689,473,2,40
2121,791,373,5,52
2122,840,453,1,88
2123,987,12,2,90
2124,997,457,1,85
2125,468,345,2,46
2126,448,432,3,71
2127,400,423,1,65
2128,871,176,2,85
2129,919,374,4,75
2130,725,399,1,18
2131,885,391,5,49
2132,598,54,1,16
2133,980,101,2,9
2134,674,86,3,20
2135,85,473,1,74
2136,658,280,5,18
2137,830,317,3,50
2138,777,164,4,33
2139,280,194,3,89
2140,384,352,3,35
2141,79,57,5,12
2142,705,273,3,10
2143,944,231,2,65
2144,704,174,2,7
2145,846,332,5,12
2146,222,228,4,65
2147,103,275,3,63
2148,267,196,-2,21
2149,77,134,5,31
2150,332,137,1,12
2151,454,87,5,26
2152,12,101,1,65
2153,797,203,3,59
2154,48,375,5,1
2155,678,341,4,55
2156,557,122,4,48
2157,619,192,1,61
2158,495,353,1,81
2159,982,49,4,18
2160,559,269,5,50
2161,673,154,1,64
2162,589,114,1,28
2163,688,83,4,38
2164,815,206,3,78
2165,306,56,5,78
2166,38,166,2,77
2167,397,402,3,72
2168,579,369,-4,82
2169,306,67,3,84
2170,723,493,5,57
2171,127,283,1,94
2172,573,294,1,24
2173,558,73,5,50
2174,12,237,3,22
2175,341,473,2,8
2176,653,462,4,93
2177,896,175,2,51
2178,144,90,1,54
2179,952,388,1,70
2180,467,188,-3,65
2181,886,432,5,29
2182,377,280,2,96
2183,306,99,5,81
2184,419,186,4,30
2185,335,436,1,61
2186,941,130,4,73
2187,707,362,-3,15
2188,167,377,1,38
2189,828,392,1,19
2190,251,97,1,73
2191,526,488,5,90
2192,593,7,2,43
2193,884,309,4,12
2194,505,42,-4,89
2195,34,177,4,64
2196,59,458,5,38
2197,260,466,4,0
2198,987,201,3,69
2199,780,325,5,75
2200,245,230,4,71
2201,775,286,4,97
2202,469,238,-4,7
2203,287,115,3,41
2204,672,432,5,91
2205,651,343,2,10
2206,484,390,2,5
2207,182,136,5,53
2208,740,372,4,42
2209,512,459,3,43
2210,1,155,5,35
2211,880,23,5,38
2212,450,372,2,14
2213,353,199,1,43
2214,167,248,1,58
2215,870,299,3,74
2216,307,412,4,52
2217,108,56,1,61
2218,590,243,4,39
2219,371,149,3,53
2220,154,263,5,58
2221,397,350,5,26
2222,346,138,1,97
2223,11,312,5,33
2224,390,271,3,94
2225,864,223,4,92
2226,612,94,4,8
2227,136,477,4,100
2228,35,320,4,56
2229,450,306,3,59
2230,670,106,5,72
2231,417,74,4,28
2232,604,95,4,8
2233,88,29,4,97
2234,367,64,2,70
2235,177,96,1,52
2236,923,335,2,36
2237,238,99,2,6
2238,221,316,5,29
2239,389,12,4,90
2240,855,435,4,72
2241,265,363,2,87
2242,409,314,3,83
2243,350,225,5,50
2244,144,307,3,11
2245,352,125,4,91
2246,34,403,4,33
2247,908,424,5,43
2248,491,400,3,31
2249,985,297,-5,100
2250,171,186,3,39
2251,543,411,1,41
2252,455,211,3,16
2253,820,16,4,71
2254,975,218,5,67
2255,458,279,4,3
2256,44,118,5,16
2257,256,455,1,61
2258,921,48,5,91
2259,574,206,4,26
2260,795,296,2,69
2261,580,269,4,20
2262,532,255,2,89
2263,821,81,3,72
2264,419,89,5,14
2265,683,296,4,39
2266,438,5,2,24
2267,555,286,5,0
2268,20,166,1,89
2269,540,250,3,43
2270,154,481,1,18
2271,749,361,1,10
2272,501,185,3,46
2273,69,204,3,67
2274,141,338,1,7
2275,276,208,4,16
2276,328,333,1,99
2277,176,208,5,57
2278,175,423,1,29
2279,408,29,4,68
2280,350,150,5,24
2281,587,496,3,64
2282,146,462,2,88
2283,408,274,1,54
2284,91,443,3,42
2285,609,79,2,17
2286,78,138,5,43
2287,103,318,4,0
2288,46,370,1,72
2289,624,434,4,85
2290,633,67,3,9
2291,48,62,5,19
2292,739,181,2,30
2293,153,497,5,57
2294,852,138,5,82
2295,773,245,5,43
2296,608,466,1,43
2297,961,324,3,41
2298,80,220,2,77
2299,86,145,5,21
2300,926,404,4,42
2301,471,155,1,39
2302,307,288,4,30
2303,163,198,2,44
2304,530,474,5,30
2305,183,154,5,60
2306,242,389,4,90
2307,492,88,3,38
2308,314,102,3,38
2309,474,266,4,21
2310,888,193,3,60
2311,926,208,3,28
2312,888,347,1,20
2313,586,25,2,34
2314,663,10,3,16
2315,596,443,4,6
2316,739,26,-5,36
2317,68,215,3,61
2318,426,66,3,21
2319,712,399,2,16
2320,609,79,1,28
2321,614,119,1,76
2322,736,491,3,80
2323,935,52,3,18
2324,112,484,1,96
2325,840,94,4,39
2326,265,252,3,53
2327,807,7,1,81
2328,273,65,5,28
2329,338,313,5,94
2330,821,157,2,20
2331,653,125,3,78
2332,426,467,4,100
2333,957,43,3,31
2334,21,405,2,21
2335,935,84,3,59
2336,242,207,3,1
2337,208,74,-5,72
2338,39,361,1,55
2339,465,209,1,82
2340,150,232,5,62
2341,756,362,3,40
2342,961,27,3,22
2343,128,206,5,63
2344,742,362,1,94
2345,974,187,3,73
2346,202,157,2,87
2347,602,10,3,40
2348,758,399,5,23
2349,706,178,2,65
2350,711,114,3,58
2351,848,409,5,12
2352,253,11,4,29
2353,255,323,2,6
2354,236,217,3,12
2355,157,151,-4,32
2356,584,276,3,24
2357,470,81,1,30
2358,46,166,1,51
2359,255,421,2,41
2360,30,250,1,46
2361,333,274,4,6
2362,979,495,3,81
2363,54,140,2,19
2364,838,352,3,43
2365,73,41,5,79
2366,833,191,1,16
2367,523,411,1,62
2368,78,301,1,31
2369,751,499,3,2
2370,761,115,3,78
2371,954,391,1,78
2372,482,57,3,88
2373,775,161,3,63
2374,916,478,4,55
2375,178,491,5,80
2376,285,210,2,2
2377,441,62,4,17
2378,77,344,5,84
2379,972,367,4,30
2380,10,448,1,58
2381,75,161,1,37
2382,322,311,5,84
2383,829,184,4,76
2384,899,40,3,24
2385,710,494,4,3
2386,518,22,5,4
2387,81,470,3,97
2388,751,50,1,93
2389,153,249,5,67
2390,101,276,5,26
2391,819,499,4,84
2392,961,125,5,66
2393,991,261,4,90
2394,361,46,5,87
2395,431,477,5,5
2396,643,19,5,48
2397,410,389,5,68
2398,390,246,2,67
2399,491,487,2,91
2400,844,1,5,14
2401,967,443,3,57
2402,198,235,2,45
2403,19,239,5,28
2404,730,400,1,68
2405,788,205,5,56
2406,533,390,5,74
2407,584,191,1,82
2408,291,312,5,26
2409,914,41,3,49
2410,578,19,4,48
2411,741,214,4,47
2412,575,173,4,12
2413,312,182,4,5
2414,623,408,3,51
2415,311,128,1,64
2416,641,336,4,26
2417,151,9,1,17
2418,855,493,3,54
2419,810,110,2,98
2420,489,247,2,2
2421,102,194,4,88
2422,111,304,2,53
2423,290,281,4,86
2424,873,53,2,33
2425,142,489,3,37
2426,25,337,1,43
2427,33,260,1,85
2428,941,282,2,72
2429,412,324,4,30
2430,490,70,3,48
2431,220,7,2,98
2432,539,113,-1,3
2433,82,150,2,40
2434,315,317,2,2
2435,998,366,3,13
2436,582,290,4,40
2437,424,387,4,19
2438,509,355,2,45
2439,621,409,4,20
2440,159,232,3,80
2441,5,85,2,31
2442,230,460,3,4
2443,762,240,4,13
2444,81,338,3,66
2445,45,423,3,13
2446,872,323,2,98
2447,904,466,1,43
2448,413,221,1,90
2449,118,436,2,27
2450,500,270,5,37
2451,498,326,5,4
2452,391,410,2,53
2453,144,243,4,78
2454,565,415,3,38
2455,16,75,2,33
2456,153,129,5,69
2457,196,371,1,31
2458,241,237,1,38
2459,232,483,1,14
2460,33,357,2,48
2461,647,301,1,33
2462,619,391,2,85
2463,7,197,1,3
2464,954,401,1,64
2465,763,64,1,74
2466,631,65,3,48
2467,693,307,2,38
2468,420,287,5,85
2469,297,33,1,28
2470,288,48,2,96
2471,107,57,5,81
2472,10,486,3,10
2473,238,81,3,81
2474,895,301,1,39
2475,40,258,-3,53
2476,763,141,1,49
2477,304,339,5,58
2478,71,12,2,13
2479,827,182,4,34
2480,129,485,2,58
2481,484,308,3,6
2482,275,14,2,27
2483,960,231,3,33
2484,595,315,-5,57
2485,966,118,2,77
2486,235,202,5,36
2487,836,323,4,38
2488,854,198,1,28
2489,778,415,4,44
2490,67,360,5,5
2491,948,486,4,30
2492,857,19,1,3
2493,618,208,3,37
2494,97,85,3,28
2495,398,477,3,2
2496,452,149,5,51
2497,308,449,5,48
2498,652,299,5,75
2499,259,265,-1,59
2500,666,127,-4,13
2501,55,472,-4,59
2502,74,228,4,97
2503,670,247,3,73
2504,610,102,2,4
2505,106,57,1,56
2506,721,389,4,6
2507,285,316,1,21
2508,275,147,3,11
2509,830,183,3,75
2510,287,117,2,29
2511,532,156,5,93
2512,719,474,3,47
2513,235,291,1,61
2514,28,420,2,93
2515,250,465,1,96
2516,633,356,5,74
2517,642,207,3,27
2518,735,58,5,61
2519,468,121,1,58
2520,582,445,3,97
2521,935,80,3,64
2522,741,78,2,95
2523,843,179,5,48
2524,994,339,2,79
2525,491,338,4,70
2526,95,134,1,30
2527,206,406,1,97
2528,624,200,4,4
2529,375,187,5,82
2530,894,118,3,59
2531,122,451,1,49
2532,26,202,5,71
2533,957,449,3,96
2534,310,206,2,75
2535,611,230,1,13
2536,679,322,3,46
2537,868,448,2,76
2538,257,339,2,60
2539,102,371,5,50
2540,766,299,2,46
2541,619,427,-1,42
2542,947,89,-4,6
2543,683,42,1,85
2544,57,43,3,54
2545,73,434,5,58
2546,265,404,3,98
2547,642,264,1,17
2548,876,119,1,6
2549,570,263,2,83
2550,544,438,3,85
2551,853,294,5,6
2552,704,487,5,51
2553,202,346,2,9
2554,682,135,5,15
2555,911,484,4,80
2556,423,439,3,40
2557,72,311,2,16
2558,791,272,5,17
2559,22,211,2,96
2560,745,204,3,15
2561,65,327,2,3
2562,424,135,1,88
2563,623,123,4,64
2564,935,321,5,75
2565,868,237,-4,35
2566,250,76,2,100
2567,70,366,5,93
2568,184,176,2,100
2569,153,454,4,58
2570,180,195,5,30
2571,267,310,5,72
2572,881,85,2,40
2573,630,213,3,33
2574,533,143,2,95
2575,786,361,5,55
2576,894,498,1,9
2577,995,114,2,5
2578,25,310,5,3
2579,512,246,1,42
2580,357,305,1,98
2581,398,358,2,99
2582,491,476,5,6
2583,365,296,1,88
2584,731,374,3,49
2585,480,87,1,52
2586,742,495,4,50
2587,222,75,2,41
2588,75,275,1,22
2589,353,337,5,75
2590,502,240,2,92
2591,939,408,5,25
2592,368,251,5,40
2593,70,289,2,32
2594,276,350,1,9
2595,692,111,-4,58
2596,728,271,4,18
2597,403,491,4,55
2598,165,187,5,37
2599,165,106,2,3
2600,557,22,3,50
2601,33,381,5,89
2602,988,86,3,81
2603,524,239,2,21
2604,41,455,4,87
2605,538,104,1,21
2606,236,367,4,45
2607,298,279,3,19
2608,484,69,1,8
2609,866,12,5,37
2610,482,130,1,55
2611,165,251,5,89
2612,910,108,4,41
2613,640,375,3,45
2614,701,364,1,2
2615,907,42,1,65
2616,311,353,5,98
2617,132,66,4,22
2618,49,7,-2,53
2619,463,69,2,30
2620,158,382,-5,29
2621,927,98,3,87
2622,839,328,3,25
2623,339,414,2,73
2624,446,393,5,18
2625,574,16,5,14
2626,727,203,2,15
2627,922,402,4,78
2628,572,242,3,1
2629,879,1,3,47
2630,259,33,1,49
2631,401,136,-5,59
2632,703,280,3,37
2633,340,283,1,12
2634,672,49,4,52
2635,595,485,4,88
2636,4,301,2,37
2637,368,4,3,2
2638,988,413,4,78
2639,723,213,1,93
2640,200,63,3,20
2641,382,82,2,89
2642,677,407,5,6
2643,858,281,2,58
2644,652,156,2,44
2645,758,30,3,63
2646,179,481,3,95
2647,204,306,3,5
2648,90,60,3,99
2649,333,164,5,87
2650,186,238,4,90
2651,552,91,4,5
2652,456,142,-5,75
2653,244,11,3,45
2654,547,457,5,0
2655,608,242,1,69
2656,819,456,3,16
2657,915,113,3,89
2658,709,394,3,84
2659,611,451,2,5
2660,813,181,5,52
2661,456,254,5,77
2662,91,55,2,100
2663,607,409,-5,28
2664,313,389,3,59
2665,147,227,3,41
2666,700,54,-1,49
2667,584,457,3,67
2668,934,486,1,96
2669,357,338,2,23
2670,211,104,4,90
2671,796,193,1,0
2672,201,140,4,55
2673,73,67,5,81
2674,529,301,5,92
2675,704,472,4,35
2676,109,380,1,95
2677,858,293,5,96
2678,592,453,5,16
2679,649,465,3,89
2680,50,468,2,27
2681,498,384,5,66
2682,904,425,2,65
2683,659,494,5,78
2684,525,334,1,69
2685,265,398,2,73
2686,714,125,1,91
2687,583,5,1,60
2688,602,146,5,74
2689,871,401,3,100
2690,474,351,3,39
2691,871,494,1,57
2692,928,425,2,95
2693,395,328,3,36
2694,305,394,4,45
2695,112,353,4,3
2696,752,133,2,43
2697,942,264,2,78
2698,978,321,5,94
2699,832,311,5,54
2700,876,161,4,64
2701,945,345,4,42
2702,817,283,1,48
2703,317,422,2,39
2704,501,431,2,7
2705,668,344,1,87
2706,477,491,4,12
2707,703,327,2,40
2708,658,321,1,62
2709,224,199,5,20
2710,203,367,5,41
2711,242,463,2,52
2712,619,175,2,70
2713,785,23,2,28
2714,986,71,4,40
2715,470,122,3,88
2716,339,415,1,36
2717,160,135,5,88
2718,144,496,2,31
2719,499,39,3,54
2720,338,454,1,74
2721,366,161,3,44
2722,43,468,2,4
2723,117,241,3,9
2724,998,159,3,46
2725,819,241,4,14
2726,111,283,5,31
2727,612,48,2,61
2728,774,403,1,53
2729,449,377,4,13
2730,173,446,2,69
2731,672,364,1,46
2732,291,215,5,88
2733,688,3,3,47
2734,831,482,3,74
2735,130,497,4,27
2736,439,4,4,63
2737,552,311,3,27
2738,141,250,4,24
2739,616,32,3,86
2740,37,15,5,22
2741,845,126,4,72
2742,677,420,2,54
2743,577,9,2,87
2744,64,289,4,47
2745,693,12,4,13
2746,621,20,4,82
2747,474,13,1,43
2748,177,20,1,26
2749,214,130,3,78
2750,447,307,4,20
2751,392,94,1,70
2752,703,122,2,75
2753,876,430,1,94
2754,592,471,4,100
2755,151,58,1,43
2756,492,44,2,22
2757,44,444,1,71
2758,149,262,2,83
2759,767,144,2,58
2760,324,147,5,71
2761,753,278,5,56
2762,913,281,2,7
2763,155,82,5,88
2764,27,492,1,21
2765,591,284,1,37
2766,721,215,3,64
2767,141,380,3,62
2768,865,291,4,88
2769,663,219,3,56
2770,643,132,3,22
2771,223,232,5,59
2772,481,254,5,68
2773,453,2,5,34
2774,491,240,4,99
2775,445,45,2,78
2776,622,233,2,69
2777,409,268,1,76
2778,816,76,4,87
2779,725,330,4,32
2780,28,1,3,25
2781,77,331,5,54
2782,397,374,4,69
2783,814,104,1,88
2784,657,206,4,39
2785,993,446,5,47
2786,148,239,5,67
2787,127,451,2,97
2788,269,69,5,87
2789,383,345,3,10
2790,811,10,1,73
2791,632,285,-3,71
2792,451,2,-1,60
2793,527,400,4,62
2794,106,188,2,5
2795,665,53,1,60
2796,60,146,2,28
2797,562,297,3,93
2798,389,232,2,82
2799,423,43,1,41
2800,94,18,5,0
2801,481,27,1,63
2802,371,15,2,1
2803,153,179,3,72
2804,703,391,2,90
2805,180,17,1,1
2806,177,318,4,46
2807,810,309,4,34
2808,691,355,3,81
2809,614,217,3,76
2810,463,384,3,32
2811,172,178,2,49
2812,697,316,3,85
2813,58,145,1,51
2814,358,399,2,56
2815,964,407,3,11
2816,193,123,4,99
2817,786,118,4,54
2818,405,380,5,98
2819,623,230,4,68
2820,693,462,4,98
2821,858,272,3,43
2822,91,414,4,38
2823,48,410,3,66
2824,741,201,5,65
2825,280,302,5,4
2826,217,490,3,64
2827,291,377,1,86
2828,262,136,3,3
2829,592,286,4,26
2830,383,392,2,40
2831,452,378,5,13
2832,120,47,1,89
2833,820,355,1,68
2834,694,218,5,78
2835,745,165,5,28
2836,79,125,3,73
2837,513,341,2,6
2838,465,371,2,83
2839,960,436,5,1
2840,41,453,2,18
2841,429,136,2,44
2842,972,254,2,1
2843,340,152,5,20
2844,530,446,4,70
2845,736,313,2,8
2846,824,145,4,87
2847,747,277,3,57
2848,6,151,2,74
2849,467,491,1,61
2850,941,130,4,23
2851,441,41,4,23
2852,549,25,3,44
2853,637,427,2,54
2854,966,430,4,79
2855,531,333,5,58
2856,555,269,4,60
2857,286,169,5,33
2858,777,151,1,30
2859,119,471,5,17
2860,596,355,2,53
2861,939,2,3,77
2862,713,233,3,84
2863,716,298,2,32
2864,256,265,5,3
2865,861,143,5,36
2866,491,310,2,54
2867,686,179,4,15
2868,72,185,4,70
2869,140,362,2,89
2870,889,459,-1,59
2871,429,172,5,32
2872,888,162,2,13
2873,135,362,2,57
2874,307,124,2,6
2875,451,492,2,83
2876,931,252,1,68
2877,665,83,3,38
2878,896,181,4,24
2879,819,413,1,16
2880,215,279,1,62
2881,191,286,4,69
2882,49,464,4,53
2883,714,452,3,44
2884,523,170,5,51
2885,363,222,3,90
2886,82,268,1,21
2887,565,349,5,22
2888,78,481,2,84
2889,554,196,4,74
2890,948,162,5,34
2891,945,366,5,67
2892,180,275,5,20
2893,861,273,3,57
2894,337,79,1,31
2895,226,430,2,78
2896,888,464,4,11
2897,773,443,2,26
2898,940,9,2,55
2899,536,224,3,16
2900,952,447,4,69
2901,438,484,5,89
2902,347,96,4,18
2903,757,194,1,92
2904,7,259,4,57
2905,852,138,4,10
2906,8,209,2,85
2907,844,114,3,81
2908,833,446,3,61
2909,913,218,2,24
2910,133,440,4,63
2911,786,19,1,32
2912,348,272,3,90
2913,224,32,2,99
2914,764,326,2,21
2915,836,474,4,2
2916,168,404,3,5
2917,995,79,3,43
2918,931,211,5,77
2919,718,351,2,74
2920,914,469,4,83
2921,107,54,4,61
2922,551,438,1,46
2923,432,327,3,51
2924,472,120,5,50
2925,895,176,-4,77
2926,988,495,3,65
2927,920,136,4,63
2928,213,96,2,79
2929,988,354,2,36
2930,339,181,5,59
2931,449,15,1,84
2932,913,83,2,86
2933,963,161,5,75
2934,286,491,2,53
2935,500,212,1,81
2936,331,106,1,10
2937,736,25,2,31
2938,30,356,1,30
2939,517,256,1,97
2940,558,115,2,45
2941,640,28,3,70
2942,78,20,-5,86
2943,120,188,2,26
2944,858,414,2,41
2945,22,67,4,62
2946,786,236,1,40
2947,375,312,4,84
2948,474,357,5,85
2949,362,492,4,43
2950,627,292,-3,47
2951,351,166,2,88
2952,138,289,1,56
2953,527,187,3,9
2954,640,177,2,88
2955,757,437,3,18
2956,64,483,4,85
2957,661,500,5,20
2958,77,202,3,12
2959,625,323,2,11
2960,930,192,4,37
2961,328,77,1,26
2962,827,341,2,60
2963,784,319,3,59
2964,526,375,5,18
2965,59,97,3,87
2966,177,371,1,100
2967,292,450,3,1
2968,178,299,2,98
2969,297,330,1,73
2970,181,409,1,70
2971,371,368,2,45
2972,325,299,5,7
2973,290,474,4,77
2974,91,70,2,19
2975,417,5,1,70
2976,90,489,1,26
2977,759,494,2,33
2978,728,188,4,8
2979,616,393,5,55
2980,914,237,4,69
2981,191,253,2,37
2982,119,394,-1,19
2983,170,318,1,89
2984,515,43,2,5
2985,607,440,3,71
2986,633,270,5,6
2987,661,271,1,74
2988,423,155,3,20
2989,845,294,1,86
2990,605,19,5,19
2991,223,99,3,50
2992,745,419,2,12
2993,156,120,4,80
2994,56,154,1,61
2995,879,336,2,88
2996,577,48,5,14
2997,813,391,4,37
2998,833,444,1,14
2999,211,401,2,2
3000,255,140,3,75
